,country,year,coal_consumption,coal_cons_per_capita,fossil_fuel_consumption,fossil_cons_per_capita,gas_consumption,gas_energy_per_capita,hydro_consumption,hydro_energy_per_capita,nuclear_consumption,nuclear_energy_per_capita,oil_consumption,oil_energy_per_capita,primary_energy_consumption,electricity_generation,per_capita_electricity,renewables_consumption,renewables_energy_per_capita,primary_energy_consumption,energy_per_capita
3425,China,1980,3539.022,3538.707,4694.567,0.0,143.823,143.81,161.726,161.711,0.0,0.0,1011.722,1011.632,4856.292,0.0,0.0,161.726,161.711,4856.292,4855.86
3426,China,1981,3520.198,3471.52,4609.007,0.0,128.402,126.627,181.981,179.465,0.0,0.0,960.407,947.127,4790.988,0.0,0.0,181.981,179.465,4790.988,4724.738
3427,China,1982,3724.841,3623.566,4795.999,0.0,120.239,116.969,206.705,201.085,0.0,0.0,950.92,925.065,5002.704,0.0,0.0,206.705,201.085,5002.704,4866.685
3428,China,1983,3989.008,3826.64,5083.98,0.0,123.061,118.052,240.047,230.276,0.0,0.0,971.912,932.351,5324.027,0.0,0.0,240.047,230.276,5324.027,5107.319
3429,China,1984,4338.27,4099.778,5471.345,0.0,125.278,118.391,241.152,227.895,0.0,0.0,1007.797,952.394,5712.497,0.0,0.0,241.152,227.895,5712.497,5398.458
3430,China,1985,4736.268,4403.418,5921.846,295.933,130.317,121.159,256.632,238.597,0.0,0.0,1055.26,981.1,6178.478,410.69,381.828,256.632,238.597,6178.478,5744.274
3431,China,1986,4951.428,4521.794,6212.685,324.18,138.683,126.649,262.635,239.847,0.0,0.0,1122.575,1025.169,6475.321,449.53,410.524,262.635,239.847,6475.321,5913.459
3432,China,1987,5372.246,4813.431,6705.295,355.922,139.993,125.431,277.845,248.944,0.0,0.0,1193.057,1068.956,6983.141,497.267,445.542,277.845,248.944,6983.141,6256.762
3433,China,1988,5771.228,5072.608,7197.554,383.258,143.722,126.324,303.245,266.536,0.0,0.0,1282.604,1127.342,7500.799,545.21,479.211,303.245,266.536,7500.799,6592.81
3434,China,1989,6046.907,5220.244,7541.752,402.64,151.674,130.939,328.914,283.949,0.0,0.0,1343.172,1159.549,7870.667,584.81,504.862,328.914,283.949,7870.667,6794.681
3435,China,1990,6134.522,5212.512,7620.275,420.082,154.184,131.01,352.067,299.152,0.0,0.0,1331.569,1131.436,7972.531,621.2,527.835,352.256,299.312,7972.531,6774.271
3436,China,1991,6433.433,5393.117,8029.22,463.398,156.119,130.874,346.358,290.351,0.0,0.0,1439.669,1206.868,8375.788,677.55,567.987,346.567,290.526,8375.788,7021.384
3437,China,1992,6731.502,5578.388,8456.527,516.285,159.142,131.881,363.017,300.832,0.0,0.0,1565.883,1297.645,8820.231,753.94,624.789,363.704,301.401,8820.231,7309.315
3438,China,1993,7170.362,5883.051,9070.002,539.709,168.969,138.634,421.795,346.069,4.456,3.656,1730.671,1419.96,9497.178,811.59,665.883,422.721,346.829,9497.178,7792.128
3439,China,1994,7641.673,6212.642,9572.766,605.487,176.971,143.877,465.081,378.108,40.989,33.324,1754.121,1426.092,10081.194,927.8,754.297,467.439,380.025,10081.194,8195.959
3440,China,1995,7736.857,6234.77,9815.824,644.665,178.796,144.083,529.389,426.61,35.647,28.726,1900.171,1531.259,10390.963,1007.03,811.518,539.493,434.752,10390.963,8373.59
3441,China,1996,8095.396,6467.852,10365.629,700.973,187.362,149.694,522.139,417.165,39.828,31.821,2082.871,1664.119,10932.141,1081.31,863.917,526.684,420.796,10932.141,8734.282
3442,China,1997,7931.919,6285.217,10403.181,730.762,197.985,156.883,544.389,431.372,40.05,31.735,2273.277,1801.334,10995.762,1135.55,899.805,552.531,437.823,10995.762,8712.993
3443,China,1998,7871.723,6188.549,10411.263,747.776,204.164,160.508,552.473,434.34,39.167,30.792,2335.376,1836.014,11010.818,1167.0,917.466,560.388,440.563,11010.818,8656.426
3444,China,1999,8099.039,6319.894,10800.842,799.646,216.631,169.043,546.056,426.102,41.525,32.403,2485.171,1939.245,11396.786,1239.3,967.059,554.419,432.628,11396.786,8893.213
3445,China,2000,8211.413,6362.718,11119.51,836.815,246.958,191.358,617.806,478.715,46.492,36.025,2661.139,2062.018,11792.554,1319.101,1022.123,626.553,485.493,11792.554,9137.612
3446,China,2001,8635.762,6647.342,11633.089,900.191,276.458,212.802,765.635,589.345,48.218,37.116,2720.87,2094.378,12456.115,1463.931,1126.855,774.807,596.405,12456.115,9588.043
3447,China,2002,9467.465,7241.71,12699.612,1010.083,294.136,224.986,789.596,603.966,68.897,52.699,2938.011,2247.299,13567.957,1634.137,1249.959,799.449,611.502,13567.957,10378.197
3448,China,2003,11283.068,8578.297,14896.342,1165.193,341.748,259.824,772.847,587.58,118.079,89.773,3271.527,2487.278,15798.685,1858.612,1413.066,784.264,596.261,15798.685,12011.433
3449,China,2004,13155.29,9942.891,17375.205,1329.628,399.84,302.203,957.047,723.345,136.62,103.259,3820.075,2887.248,18484.936,2160.98,1633.289,973.111,735.486,18484.936,13971.087
3450,China,2005,15405.118,11576.041,19761.647,1482.914,469.751,352.991,1067.926,802.484,142.8,107.306,3886.778,2920.685,21000.495,2421.429,1819.561,1096.047,823.615,21000.495,15780.637
3451,China,2006,16918.395,12640.677,21671.211,1721.839,577.838,431.735,1164.838,870.315,146.593,109.528,4174.978,3119.359,23022.389,2780.611,2077.55,1204.585,900.013,23022.389,17201.311
3452,China,2007,18423.928,13687.972,23515.753,1994.464,710.78,528.07,1288.984,957.644,165.033,122.61,4381.046,3254.878,25024.414,3227.072,2397.538,1343.628,998.242,25024.414,18591.773
3453,China,2008,18715.936,13827.101,24004.399,2045.329,819.33,605.311,1681.417,1242.21,180.543,133.383,4469.134,3301.741,25956.957,3431.351,2535.039,1772.014,1309.142,25956.957,19176.678
3454,China,2009,19605.617,14403.514,25145.182,2198.876,902.241,662.843,1615.117,1186.566,183.774,135.012,4637.324,3406.868,27089.785,3674.899,2699.811,1760.829,1293.615,27089.785,19901.852
3455,China,2010,20340.292,14859.825,26704.582,2482.652,1088.741,795.392,1854.835,1355.07,194.88,142.372,5275.549,3854.11,28967.802,4225.469,3086.963,2068.34,1511.048,28967.802,21162.747
3456,China,2011,22141.823,16085.619,28960.784,2808.576,1351.63,981.934,1783.045,1295.349,225.976,164.167,5467.332,3971.914,31261.361,4719.4,3428.556,2074.6,1507.158,31261.361,22710.792
3457,China,2012,22420.252,16197.193,29660.252,2813.093,1508.777,1089.995,2222.35,1605.505,253.245,182.953,5731.224,4140.441,32512.623,4986.48,3602.412,2599.127,1877.702,32512.623,23488.285
3458,China,2013,22900.337,16452.775,30602.048,3005.497,1718.787,1234.864,2328.828,1673.15,285.469,205.096,5982.924,4298.439,33715.209,5372.18,3859.649,2827.693,2031.559,33715.209,24222.732
3459,China,2014,22730.671,16242.529,30841.824,2987.808,1883.633,1345.977,2696.822,1927.053,339.027,242.257,6227.52,4449.964,34499.453,5604.5,4004.776,3318.602,2371.355,34499.453,24652.082
3460,China,2015,22259.357,15822.148,30845.17,2968.906,1946.897,1383.871,2819.461,2004.098,433.546,308.169,6638.916,4719.0,34826.942,5740.0,4080.043,3548.226,2522.11,34826.942,24755.298
3461,China,2016,21970.171,15537.064,30872.326,3013.969,2094.413,1481.146,2900.231,2051.012,536.1,379.124,6807.743,4814.361,35264.122,6022.8,4259.258,3855.695,2726.705,35264.122,24938.401
3462,China,2017,22021.531,15496.968,31527.347,3171.239,2404.386,1692.012,2912.665,2049.697,620.25,436.482,7101.43,4997.41,36342.177,6448.7,4538.072,4194.58,2951.805,36342.177,25574.677
3463,China,2018,22175.229,15532.701,32388.702,3384.097,2829.962,1982.255,2979.692,2087.134,733.188,513.563,7383.511,5171.8,37714.113,6996.2,4900.508,4592.223,3216.635,37714.113,26416.955
3464,China,2019,22687.462,15823.486,33512.486,3441.761,3073.339,2143.516,3143.991,2192.792,863.457,602.223,7751.686,5406.453,39360.925,7326.7,5110.044,4984.982,3476.801,39360.925,27452.478
8171,Japan,1980,677.061,5746.717,3766.956,0.0,251.81,2137.294,245.256,2081.667,229.42,1947.254,2838.086,24088.93,4244.663,0.0,0.0,248.288,2107.4,4244.663,36027.596
8172,Japan,1981,759.071,6393.089,3695.132,0.0,252.311,2125.026,243.317,2049.277,243.945,2054.565,2683.751,22603.242,4185.551,0.0,0.0,246.474,2075.867,4185.551,35251.788
8173,Japan,1982,723.948,6052.824,3481.432,0.0,258.384,2160.307,226.684,1895.268,284.528,2378.897,2499.101,20894.616,4020.062,0.0,0.0,254.102,2124.513,4020.062,33611.157
8174,Japan,1983,713.583,5925.391,3491.148,0.0,278.064,2308.961,234.092,1943.832,317.475,2636.225,2499.501,20755.15,4073.354,0.0,0.0,264.731,2198.255,4073.354,33823.981
8175,Japan,1984,797.981,6584.6,3816.268,0.0,373.981,3085.934,198.936,1641.537,372.956,3077.473,2644.306,21819.686,4421.824,0.0,0.0,232.6,1919.318,4421.824,36487.011
8176,Japan,1985,832.827,6833.005,3742.256,3374.035,400.598,3286.742,230.206,1888.744,443.273,3636.87,2508.83,20583.924,4451.01,671.953,5513.099,265.482,2178.172,4451.01,36518.713
8177,Japan,1986,793.076,6473.616,3734.3,3350.39,407.618,3327.253,224.489,1832.429,459.361,3749.608,2533.605,20680.973,4456.493,676.363,5520.925,262.832,2145.408,4456.493,36376.858
8178,Japan,1987,809.327,6575.992,3773.932,3527.699,418.046,3396.73,207.742,1687.956,523.903,4256.849,2546.56,20691.456,4546.668,719.085,5842.752,248.832,2021.825,4546.668,36942.853
8179,Japan,1988,874.773,7078.307,4058.774,3780.228,443.39,3587.736,250.809,2029.442,483.047,3908.625,2740.611,22175.918,4837.037,753.728,6098.863,295.216,2388.766,4837.037,39139.352
8180,Japan,1989,876.165,7062.485,4184.818,4016.241,460.56,3712.427,254.836,2054.154,516.151,4160.528,2848.093,22957.568,5003.158,799.769,6446.683,302.189,2435.85,5003.158,40328.857
8181,Japan,1990,907.69,7290.394,4355.192,4656.46,503.159,4041.278,241.375,1938.679,540.476,4341.0,2944.342,23648.386,5168.547,881.5,7080.037,272.878,2191.706,5168.547,41512.764
8182,Japan,1991,900.481,7207.888,4421.627,4685.525,532.015,4258.505,262.267,2099.311,579.705,4640.236,2989.13,23926.441,5295.965,911.303,7294.509,294.633,2358.386,5295.965,42391.456
8183,Japan,1992,885.255,7063.339,4503.506,4773.562,553.109,4413.185,222.35,1774.104,602.876,4810.269,3065.142,24456.374,5361.678,916.787,7314.926,255.296,2036.977,5361.678,42780.144
8184,Japan,1993,902.806,7181.829,4459.677,4465.545,556.939,4430.454,257.167,2045.764,688.056,5473.489,2999.932,23864.476,5437.074,926.103,7367.155,289.341,2301.713,5437.074,43251.961
8185,Japan,1994,945.326,7499.436,4712.877,5054.092,595.615,4725.117,179.061,1420.524,717.356,5690.909,3171.935,25163.503,5646.801,984.493,7810.151,216.568,1718.073,5646.801,44797.038
8186,Japan,1995,979.856,7754.175,4812.875,4894.078,606.176,4797.027,218.87,1732.043,796.912,6306.434,3226.843,25535.89,5868.479,1010.88,7999.683,258.691,2047.171,5868.479,46440.697
8187,Japan,1996,1005.583,7940.236,4899.555,4963.668,646.773,5107.016,214.37,1692.695,823.615,6503.387,3247.199,25640.369,5980.051,1029.857,8131.905,256.881,2028.371,5980.051,47219.38
8188,Japan,1997,1032.947,8140.298,4912.09,4860.435,671.348,5290.665,240.111,1892.234,892.103,7030.359,3207.795,25279.528,6090.235,1054.864,8313.02,286.042,2254.195,6090.235,47995.045
8189,Japan,1998,984.72,7746.566,4758.303,4835.987,691.639,5440.967,247.442,1946.568,905.484,7123.23,3081.943,24244.936,5956.57,1059.663,8336.123,292.783,2303.259,5956.57,46858.958
8190,Japan,1999,1035.978,8136.421,4901.134,5101.377,726.419,5705.192,232.756,1828.03,881.209,6920.887,3138.737,24651.188,6061.602,1079.142,8475.425,279.259,2193.261,6061.602,47606.949
8191,Japan,2000,1110.604,8708.982,4961.77,4572.731,756.651,5933.399,234.634,1839.917,886.45,6951.237,3094.515,24266.136,6128.864,1014.478,7955.193,280.645,2200.724,6128.864,48060.478
8192,Japan,2001,1137.156,8903.923,4913.257,4464.193,777.285,6086.134,225.021,1761.914,884.602,6926.432,2998.817,23480.725,6069.191,996.924,7805.91,271.331,2124.52,6069.191,47521.734
8193,Japan,2002,1207.909,9444.685,4918.99,4779.026,760.461,5946.072,221.0,1728.008,861.677,6737.483,2950.62,23071.008,6051.151,1014.289,7930.762,270.484,2114.922,6051.151,47314.169
8194,Japan,2003,1241.26,9692.955,5094.962,4994.37,834.983,6520.35,251.927,1967.289,626.815,4894.772,3018.718,23573.054,6027.271,1005.432,7851.38,305.495,2385.596,6027.271,47066.726
8195,Japan,2004,1274.104,9938.095,5021.134,4894.192,806.041,6287.177,248.143,1935.535,773.841,6036.009,2940.989,22939.918,6099.329,1033.309,8059.881,304.355,2373.987,6099.329,47575.186
8196,Japan,2005,1335.235,10405.022,5142.846,4979.685,827.28,6446.709,208.631,1625.787,788.236,6142.452,2980.331,23224.682,6207.568,1044.508,8139.488,276.486,2154.558,6207.568,48373.422
8197,Japan,2006,1312.655,10221.341,5069.777,4934.116,885.504,6895.214,237.377,1848.403,813.356,6333.413,2871.617,22360.615,6189.139,1062.509,8273.51,305.962,2382.454,6189.139,48193.385
8198,Japan,2007,1377.941,10723.777,5115.193,5534.92,953.901,7423.704,197.917,1540.279,741.117,5767.719,2783.351,21661.328,6126.677,1103.864,8590.782,270.301,2103.606,6126.677,47680.649
8199,Japan,2008,1415.245,11010.235,5108.512,5193.661,990.996,7709.689,198.415,1543.62,664.543,5169.968,2702.271,21022.967,6042.367,1030.672,8018.36,269.245,2094.658,6042.367,47008.043
8200,Japan,2009,1187.431,9236.754,4533.407,4794.368,924.781,7193.66,184.865,1438.024,720.534,5604.872,2421.195,18833.921,5509.297,1002.088,7795.014,255.17,1984.91,5509.297,42855.564
8201,Japan,2010,1353.081,10526.374,4796.607,5357.222,999.368,7774.642,230.759,1795.202,762.275,5930.167,2444.158,19014.471,5869.964,1111.465,8646.707,308.287,2398.334,5869.964,45665.724
8202,Japan,2011,1283.13,9985.524,4853.726,6257.757,1120.253,8717.993,213.762,1663.527,422.22,3285.788,2450.343,19068.963,5572.723,1106.413,8610.289,294.106,2288.779,5572.723,43367.835
8203,Japan,2012,1354.698,10548.636,5198.311,6841.328,1232.152,9594.404,198.591,1546.37,46.342,360.848,2611.461,20334.684,5534.108,1036.395,8070.102,286.757,2232.896,5534.108,43092.478
8204,Japan,2013,1408.994,10980.829,5136.163,6862.226,1235.37,9627.709,203.108,1582.899,37.387,291.371,2491.799,19419.542,5485.277,1046.585,8156.434,308.638,2405.333,5485.277,42748.86
8205,Japan,2014,1385.253,10808.02,5000.09,6640.946,1247.522,9733.416,207.941,1622.398,0.0,0.0,2367.314,18470.256,5344.636,1017.708,7940.363,340.76,2658.675,5344.636,41699.91
8206,Japan,2015,1397.549,10919.632,4863.212,6324.716,1187.177,9275.911,216.965,1695.242,11.446,89.43,2278.486,17802.756,5268.915,997.227,7791.747,389.617,3044.241,5268.915,41168.225
8207,Japan,2016,1394.891,10917.8,4772.839,6246.498,1164.175,9111.992,186.283,1458.039,44.457,347.961,2213.772,17327.178,5179.953,995.365,7790.716,357.429,2797.594,5179.953,40543.449
8208,Japan,2017,1415.451,11101.316,4766.34,6060.469,1169.866,9175.202,198.11,1553.769,72.685,570.065,2181.023,17105.658,5247.426,992.688,7785.605,402.741,3158.677,5247.426,41155.311
8209,Japan,2018,1386.552,10900.398,4664.021,5679.247,1157.082,9096.417,201.308,1582.589,122.047,959.475,2120.386,16669.437,5233.466,987.954,7766.809,441.828,3473.436,5233.466,41142.951
8210,Japan,2019,1362.561,10740.67,4536.13,5211.761,1081.212,8522.88,183.059,1443.003,162.529,1281.169,2092.356,16493.426,5187.154,952.384,7507.36,483.082,3807.995,5187.154,40888.804
9595,Mexico,1980,27.038,399.021,853.725,0.0,223.017,3291.234,46.972,693.205,0.0,0.0,603.67,8908.81,903.239,0.0,0.0,49.514,730.714,903.239,13329.78
9596,Mexico,1981,23.899,344.325,926.552,0.0,241.792,3483.63,68.383,985.238,0.0,0.0,660.861,9521.396,997.613,0.0,0.0,71.061,1023.818,997.613,14373.169
9597,Mexico,1982,28.621,402.78,972.852,0.0,259.957,3658.321,63.678,896.126,0.0,0.0,684.274,9629.658,1040.129,0.0,0.0,67.278,946.788,1040.129,14637.548
9598,Mexico,1983,32.584,448.145,967.501,0.0,268.198,3688.653,57.592,792.085,0.0,0.0,666.718,9169.68,1028.851,0.0,0.0,61.35,843.775,1028.851,14150.253
9599,Mexico,1984,32.677,439.484,1006.993,0.0,268.584,3612.283,65.564,881.793,0.0,0.0,705.732,9491.635,1076.512,0.0,0.0,69.52,934.993,1076.512,14478.395
9600,Mexico,1985,35.422,466.179,1045.681,870.448,275.279,3622.899,78.965,1039.242,0.0,0.0,734.981,9672.966,1129.204,96.208,1266.172,83.523,1099.234,1129.204,14861.278
9601,Mexico,1986,39.058,503.325,1028.068,965.198,244.922,3156.25,59.16,762.378,0.0,0.0,744.089,9588.897,1096.656,99.59,1283.391,68.588,883.872,1096.656,14132.344
9602,Mexico,1987,37.773,476.929,1067.338,1041.189,249.243,3147.013,53.57,676.389,0.0,0.0,780.322,9852.546,1133.18,106.165,1340.472,65.842,831.342,1133.18,14307.83
9603,Mexico,1988,35.751,442.518,1067.75,1061.552,253.596,3138.996,60.656,750.794,0.0,0.0,778.403,9635.016,1141.276,112.231,1389.184,73.525,910.091,1141.276,14126.622
9604,Mexico,1989,39.573,480.44,1120.537,1088.355,247.964,3010.41,70.428,855.035,1.033,12.545,833.0,10113.022,1204.985,120.047,1457.431,83.414,1012.693,1204.985,14629.11
9605,Mexico,1990,39.241,467.474,1177.418,1013.136,268.175,3194.732,68.003,810.105,8.158,97.189,870.002,10364.195,1267.818,117.592,1400.85,82.242,979.731,1267.818,15103.321
9606,Mexico,1991,37.955,443.851,1226.221,1121.09,282.361,3301.97,62.848,734.953,11.783,137.796,905.904,10593.763,1317.062,128.571,1503.528,79.058,924.512,1317.062,15401.892
9607,Mexico,1992,38.383,440.799,1236.8,1092.994,282.395,3243.125,74.483,855.384,10.886,125.02,916.022,10519.919,1339.861,132.276,1519.1,92.176,1058.578,1339.861,15387.44
9608,Mexico,1993,43.293,488.491,1240.875,1089.43,283.265,3196.224,74.042,835.447,13.697,154.553,914.317,10316.699,1346.683,134.643,1519.239,92.11,1039.327,1346.683,15195.293
9609,Mexico,1994,52.318,580.309,1338.83,1279.838,301.03,3338.993,56.309,624.576,11.775,130.607,985.481,10930.844,1424.216,146.128,1620.83,73.611,816.482,1424.216,15797.235
9610,Mexico,1995,58.259,635.574,1283.753,1176.982,306.903,3348.162,76.663,836.357,23.453,255.859,918.592,10021.401,1401.72,150.356,1640.316,94.514,1031.106,1401.72,15292.103
9611,Mexico,1996,66.8,717.144,1319.73,1193.579,312.783,3357.952,87.045,934.494,21.883,234.934,940.147,10093.155,1445.871,156.591,1681.116,104.258,1119.284,1445.871,15522.468
9612,Mexico,1997,66.864,706.728,1352.035,1310.888,314.374,3322.808,73.228,773.991,29.044,306.988,970.796,10260.925,1470.7,166.748,1762.464,89.62,947.252,1470.7,15544.701
9613,Mexico,1998,68.348,711.542,1425.046,1468.336,334.79,3485.366,68.314,711.187,25.736,267.928,1021.908,10638.672,1536.209,181.059,1884.933,85.427,889.341,1536.209,15992.849
9614,Mexico,1999,69.548,713.418,1420.0,1448.189,337.909,3466.267,90.868,932.119,27.783,285.001,1012.544,10386.662,1555.551,189.979,1948.798,107.768,1105.479,1555.551,15956.827
9615,Mexico,2000,76.187,770.344,1495.734,1475.334,359.133,3631.277,91.875,928.966,22.836,230.901,1060.413,10722.075,1628.18,194.122,1962.806,109.61,1108.29,1628.18,16462.887
9616,Mexico,2001,83.674,834.25,1488.39,1560.984,361.906,3608.303,78.474,782.41,24.082,240.1,1042.81,10397.12,1608.258,201.173,2005.749,95.787,955.028,1608.258,16034.801
9617,Mexico,2002,140.106,1377.842,1548.021,1601.786,410.689,4038.831,68.169,670.393,26.725,262.818,997.227,9807.021,1660.559,204.743,2013.498,85.813,843.907,1660.559,16330.42
9618,Mexico,2003,103.318,1002.304,1571.816,1592.03,445.094,4317.909,54.085,524.68,28.61,277.548,1023.403,9928.148,1674.423,202.527,1964.737,73.997,717.852,1674.423,16243.761
9619,Mexico,2004,105.72,1011.527,1650.929,1700.958,480.22,4594.743,68.153,652.085,24.888,238.129,1064.989,10189.821,1764.63,220.585,2110.555,88.813,849.764,1764.63,16883.984
9620,Mexico,2005,133.43,1258.711,1751.339,1728.791,527.124,4972.631,74.535,703.127,29.064,274.174,1090.786,10289.946,1877.926,231.362,2182.553,97.523,919.985,1877.926,17715.447
9621,Mexico,2006,143.198,1331.335,1805.725,1740.503,582.883,5419.146,81.382,756.621,29.045,270.035,1079.644,10037.594,1937.356,236.785,2201.418,102.585,953.749,1937.356,18011.859
9622,Mexico,2007,131.584,1205.3,1823.536,1803.953,570.414,5224.961,72.621,665.205,27.68,253.548,1121.538,10273.219,1947.438,243.927,2234.361,96.223,881.394,1947.438,17838.423
9623,Mexico,2008,117.545,1060.735,1836.306,1722.622,599.966,5414.125,103.541,934.363,25.88,233.543,1118.794,10096.053,1988.331,247.079,2229.656,126.145,1138.339,1988.331,17942.795
9624,Mexico,2009,119.747,1064.754,1852.331,1786.471,651.689,5794.641,70.104,623.347,27.549,244.96,1080.896,9611.036,1972.542,245.447,2182.447,92.663,823.931,1972.542,17539.323
9625,Mexico,2010,148.119,1298.229,1894.152,1844.383,660.446,5788.663,96.884,849.17,15.329,134.358,1085.587,9514.934,2030.266,261.151,2288.933,120.784,1058.648,2030.266,17794.833
9626,Mexico,2011,171.327,1480.852,1983.096,2010.793,708.085,6120.277,93.994,812.425,26.146,225.989,1103.684,9539.596,2127.791,286.478,2476.146,118.549,1024.666,2127.791,18391.381
9627,Mexico,2012,149.266,1272.798,2007.305,2050.592,736.538,6280.491,82.194,700.874,22.588,192.612,1121.5,9563.076,2140.435,290.897,2480.491,110.542,942.592,2140.435,18251.57
9628,Mexico,2013,148.227,1247.416,2016.594,1944.765,777.951,6546.924,71.741,603.747,30.211,254.24,1090.415,9176.496,2149.532,281.548,2369.392,102.728,864.516,2149.532,18089.592
9629,Mexico,2014,147.939,1229.188,1977.481,1865.465,788.485,6551.328,98.979,822.389,24.628,204.625,1041.057,8649.888,2138.108,286.083,2376.994,135.999,1129.981,2138.108,17765.011
9630,Mexico,2015,147.651,1211.661,1984.575,1941.094,807.83,6629.272,78.148,641.306,29.287,240.341,1029.095,8445.033,2135.641,294.393,2415.868,121.778,999.343,2135.641,17525.65
9631,Mexico,2016,144.633,1172.707,2011.499,1987.541,830.301,6732.189,77.198,625.928,26.574,215.468,1036.564,8404.597,2162.618,302.9,2455.956,124.545,1009.83,2162.618,17534.79
9632,Mexico,2017,176.753,1416.551,2035.174,1955.395,860.336,6894.989,79.619,638.092,27.207,218.046,998.085,7998.948,2193.152,305.103,2445.188,130.771,1048.039,2193.152,17576.573
9633,Mexico,2018,157.546,1248.469,2001.132,1986.856,875.744,6939.833,80.739,639.816,33.925,268.838,967.842,7669.658,2175.924,317.93,2519.438,140.868,1116.305,2175.924,17243.103
9634,Mexico,2019,140.977,1105.042,1961.967,1939.343,906.675,7106.94,58.91,461.766,27.86,218.383,914.315,7166.828,2144.652,313.654,2458.569,154.825,1213.589,2144.652,16810.783
14270,South Africa,1980,496.732,17394.42,642.931,0.0,2.127,74.471,2.756,96.493,0.0,0.0,144.072,5045.077,645.687,0.0,0.0,2.756,96.493,645.687,22610.462
14271,South Africa,1981,588.861,20075.018,747.039,0.0,2.064,70.352,4.592,156.536,0.0,0.0,156.115,5322.154,751.631,0.0,0.0,4.592,156.536,751.631,25624.06
14272,South Africa,1982,645.588,21412.528,805.712,0.0,1.879,62.306,2.822,93.606,0.0,0.0,158.246,5248.61,808.534,0.0,0.0,2.822,93.606,808.534,26817.05
14273,South Africa,1983,655.702,21155.766,817.694,0.0,2.129,68.677,1.653,53.326,0.0,0.0,159.864,5157.902,819.347,0.0,0.0,1.653,53.326,819.347,26435.671
14274,South Africa,1984,706.537,22188.845,882.729,0.0,2.135,67.058,1.556,48.852,10.903,342.403,174.057,5466.262,895.188,0.0,0.0,1.556,48.852,895.188,28113.42
14275,South Africa,1985,725.574,22203.075,897.63,4144.711,2.016,61.691,1.733,53.041,14.764,451.786,170.04,5203.342,914.128,143.491,4390.924,1.733,53.041,914.128,27972.935
14276,South Africa,1986,735.666,21962.809,901.924,4061.082,2.115,63.148,4.508,134.593,24.453,730.021,164.143,4900.363,930.885,148.241,4425.633,4.508,134.593,930.885,27790.935
14277,South Africa,1987,748.574,21825.578,924.171,4163.945,1.957,57.053,4.492,130.96,17.131,499.463,173.641,5062.709,945.794,152.373,4442.621,4.492,130.96,945.794,27575.763
14278,South Africa,1988,809.928,23074.212,1003.176,4076.323,1.974,56.238,8.783,250.23,29.147,830.382,191.274,5449.261,1041.107,158.141,4505.313,8.783,250.23,1041.107,29660.323
14279,South Africa,1989,755.879,21037.555,956.071,4131.979,2.012,56.003,7.664,213.301,30.831,858.073,198.179,5515.696,994.565,163.359,4546.591,7.664,213.301,994.565,27680.629
14280,South Africa,1990,782.898,21273.832,1002.709,4237.004,19.709,535.55,2.806,76.236,23.469,637.74,200.102,5437.403,1028.984,167.226,4544.061,2.806,76.236,1028.984,27960.762
14281,South Africa,1991,768.753,20381.067,990.448,4119.621,19.94,528.638,5.5,145.815,25.4,673.401,201.755,5348.887,1021.348,168.316,4462.366,5.5,145.815,1021.348,27077.809
14282,South Africa,1992,771.685,19954.103,998.46,4052.362,18.412,476.084,2.089,54.014,25.8,667.133,208.364,5387.839,1026.349,168.09,4346.443,2.089,54.014,1026.349,26539.172
14283,South Africa,1993,774.73,19547.107,1004.241,4187.314,12.738,321.392,0.406,10.233,20.153,508.472,216.773,5469.366,1024.799,174.706,4407.983,0.406,10.233,1024.799,25856.57
14284,South Africa,1994,799.631,19712.816,1038.619,4176.166,12.754,314.424,2.983,73.546,26.936,664.04,226.234,5577.204,1068.538,181.69,4479.095,2.983,73.546,1068.538,26342.03
14285,South Africa,1995,829.714,20023.989,1083.886,4188.411,12.911,311.598,1.469,35.463,31.392,757.595,241.261,5822.494,1116.747,186.655,4504.658,1.469,35.463,1116.747,26951.139
14286,South Africa,1996,842.508,19945.266,1102.26,4372.955,11.245,266.2,3.664,86.738,32.708,774.327,248.507,5883.085,1138.799,200.092,4736.914,3.831,90.683,1138.799,26959.563
14287,South Africa,1997,861.087,20031.346,1123.005,4486.682,9.315,216.694,5.811,135.183,35.131,817.237,252.603,5876.265,1164.353,210.362,4893.619,6.217,144.617,1164.353,27086.16
14288,South Africa,1998,835.229,19120.662,1100.979,4293.004,9.298,212.847,4.431,101.428,37.781,864.901,256.453,5870.911,1143.832,205.374,4701.57,5.072,116.117,1143.832,26185.437
14289,South Africa,1999,872.7,19682.448,1144.545,4209.883,11.864,267.571,2.017,45.483,35.658,804.221,259.981,5863.481,1182.767,203.012,4578.633,2.564,57.825,1182.767,26675.546
14290,South Africa,2000,867.966,19301.861,1143.661,4043.183,11.396,253.425,3.058,68.011,36.139,803.659,264.299,5877.48,1184.21,196.474,4369.193,4.411,98.082,1184.21,26334.507
14291,South Africa,2001,871.07,19114.558,1154.881,4025.636,13.829,303.462,4.75,104.222,29.582,649.134,269.983,5924.439,1190.41,196.539,4312.815,5.947,130.499,1190.41,26122.092
14292,South Africa,2002,828.599,17954.081,1119.461,4094.258,13.92,301.61,5.714,123.815,32.879,712.413,276.942,6000.788,1159.35,203.613,4411.889,7.01,151.899,1159.35,25120.791
14293,South Africa,2003,920.967,19712.899,1218.416,4377.613,10.525,225.288,2.254,48.25,34.499,738.427,286.923,6141.471,1256.335,218.27,4671.968,3.421,73.225,1256.335,26891.312
14294,South Africa,2004,1009.108,21337.809,1331.143,4498.154,24.343,514.735,2.571,54.375,36.18,765.024,297.693,6294.777,1371.002,228.263,4826.666,3.68,77.809,1371.002,28990.154
14295,South Africa,2005,930.265,19428.683,1263.617,4498.006,34.555,721.685,3.583,74.826,30.376,634.403,298.798,6240.422,1298.798,229.244,4787.787,4.805,100.348,1298.798,27125.54
14296,South Africa,2006,947.529,19541.106,1289.138,4606.366,37.447,772.273,7.745,159.731,26.799,552.684,304.162,6272.808,1324.848,236.622,4879.913,8.911,183.771,1324.848,27322.642
14297,South Africa,2007,972.978,19808.189,1321.424,4744.589,37.909,771.758,7.612,154.964,30.061,611.987,310.537,6322.008,1360.325,246.838,5025.205,8.841,179.979,1360.325,27693.921
14298,South Africa,2008,1085.503,21806.453,1419.512,4549.555,39.219,787.867,3.325,66.797,34.327,689.595,294.789,5921.955,1458.481,240.741,4836.197,4.642,93.248,1458.481,29299.118
14299,South Africa,2009,1091.17,21617.181,1415.719,4324.782,33.24,658.517,3.808,75.446,33.596,665.571,291.309,5771.117,1454.441,231.596,4588.145,5.126,101.557,1454.441,28813.943
14300,South Africa,2010,1079.537,21077.71,1429.569,4444.1,41.221,804.822,2.98,58.183,35.27,688.635,308.811,6029.464,1469.012,242.989,4744.312,4.174,81.494,1469.012,28682.125
14301,South Africa,2011,1052.657,20241.846,1405.792,4405.387,42.81,823.197,7.94,152.677,33.435,642.933,310.326,5967.345,1448.539,244.476,4701.105,9.311,179.053,1448.539,27854.374
14302,South Africa,2012,1027.385,19445.89,1389.214,4294.362,43.573,824.737,2.623,49.655,33.401,632.199,318.256,6023.803,1426.643,240.896,4559.575,4.029,76.255,1426.643,27002.884
14303,South Africa,2013,1027.613,19140.816,1390.88,4159.746,40.544,755.187,2.826,52.644,36.115,672.691,322.723,6011.2,1431.761,238.466,4441.779,4.766,88.777,1431.761,26668.671
14304,South Africa,2014,1040.72,19080.384,1403.434,4003.962,42.982,788.029,4.568,83.754,35.105,643.6,319.732,5861.904,1449.942,236.534,4336.571,11.239,206.049,1449.942,26582.981
14305,South Africa,2015,976.489,17630.603,1352.493,3881.128,43.186,779.733,2.026,36.586,30.957,558.927,332.818,6009.058,1401.575,231.735,4184.0,17.807,321.503,1401.575,25305.576
14306,South Africa,2016,1050.055,18681.591,1409.45,3790.654,45.489,809.305,1.76,31.319,40.019,711.981,313.906,5584.721,1471.59,236.029,4199.212,21.678,385.68,1471.59,26181.141
14307,South Africa,2017,1032.946,18118.674,1390.118,3732.547,44.342,777.792,2.178,38.199,39.391,690.947,312.83,5487.286,1458.849,237.958,4173.976,28.744,504.19,1458.849,25589.345
14308,South Africa,2018,1044.583,18074.562,1410.15,3702.536,44.729,773.954,1.889,32.687,27.564,476.943,320.838,5551.504,1470.836,236.789,4097.185,32.351,559.766,1470.836,25450.067
14309,South Africa,2019,1059.391,18091.308,1430.966,3555.395,42.831,731.42,1.882,32.141,35.197,601.07,328.744,5613.994,1500.24,234.752,4008.88,33.152,566.147,1500.24,25619.735
16208,United Kingdom,1980,826.487,14703.813,2264.382,0.0,468.771,8339.782,10.983,195.402,102.842,1829.631,969.125,17241.451,2378.207,0.0,0.0,10.983,195.402,2378.207,42310.079
16209,United Kingdom,1981,821.997,14620.825,2194.389,0.0,475.121,8450.948,12.275,218.335,105.47,1875.981,897.271,15959.709,2312.134,0.0,0.0,12.275,218.335,2312.134,41125.799
16210,United Kingdom,1982,766.639,13631.311,2146.987,0.0,472.748,8405.758,12.6,224.036,122.145,2171.806,907.6,16137.691,2281.731,0.0,0.0,12.6,224.036,2281.731,40570.602
16211,United Kingdom,1983,773.768,13749.272,2139.326,0.0,492.787,8756.45,12.6,223.893,138.689,2464.399,872.772,15508.5,2290.615,0.0,0.0,12.6,223.893,2290.615,40702.514
16212,United Kingdom,1984,549.82,9760.182,2126.836,0.0,504.173,8949.861,12.6,223.67,149.942,2661.704,1072.843,19044.665,2289.381,0.0,0.0,12.603,223.72,2289.381,40640.132
16213,United Kingdom,1985,731.283,12962.799,2205.675,4048.038,542.226,9611.549,10.984,194.702,169.708,3008.269,932.165,16523.655,2386.37,298.089,5283.954,10.987,194.751,2386.37,42301.023
16214,United Kingdom,1986,789.771,13972.554,2275.317,4145.905,551.251,9752.681,13.245,234.334,164.108,2903.393,934.296,16529.476,2452.674,301.071,5326.522,13.248,234.384,2452.674,43392.488
16215,United Kingdom,1987,809.088,14280.21,2283.819,4248.72,566.16,9992.596,11.63,205.267,153.439,2708.161,908.57,16036.043,2448.888,302.112,5332.204,11.63,205.267,2448.888,43222.277
16216,United Kingdom,1988,785.398,13824.262,2291.185,4163.572,539.284,9492.256,13.568,238.825,176.267,3102.579,966.504,17012.018,2481.023,308.825,5435.816,13.571,238.874,2481.023,43669.988
16217,United Kingdom,1989,755.997,13269.16,2271.022,4112.911,527.026,9250.281,13.245,232.48,199.261,3497.407,987.999,17341.224,2483.553,314.585,5521.554,13.27,232.918,2483.553,43590.99
16218,United Kingdom,1990,755.311,13219.991,2304.772,4307.628,548.739,9604.416,14.214,248.792,182.636,3196.63,1000.722,17515.349,2503.302,319.739,5596.3,15.894,278.196,2503.302,43814.582
16219,United Kingdom,1991,756.59,13206.093,2345.417,4283.36,592.77,10346.65,12.599,219.915,195.953,3420.309,996.057,17385.926,2555.905,322.875,5635.702,14.535,253.705,2555.905,44612.683
16220,United Kingdom,1992,711.384,12383.533,2308.489,4108.728,589.921,10269.133,14.861,258.688,213.353,3713.974,1007.184,17532.713,2539.389,321.043,5588.605,17.547,305.456,2539.389,44204.809
16221,United Kingdom,1993,619.484,10754.558,2303.996,3930.905,672.273,11670.996,11.953,207.511,248.203,4308.93,1012.24,17572.992,2568.083,323.102,5609.215,15.884,275.748,2568.083,44583.224
16222,United Kingdom,1994,578.407,10013.449,2272.327,3972.024,692.253,11984.368,14.214,246.082,245.228,4245.416,1001.667,17340.985,2536.943,326.558,5653.411,19.388,335.649,2536.943,43919.867
16223,United Kingdom,1995,551.914,9526.923,2279.955,4077.919,738.087,12740.574,12.922,223.059,247.122,4265.733,989.954,17088.214,2545.649,337.424,5824.484,18.571,320.568,2545.649,43942.011
16224,United Kingdom,1996,515.977,8878.704,2390.421,4276.766,859.841,14795.772,9.433,162.323,262.975,4525.161,1014.602,17458.829,2669.198,350.867,6037.564,15.802,271.906,2669.198,45930.372
16225,United Kingdom,1997,460.176,7892.298,2329.803,4177.972,884.183,15164.27,12.212,209.435,272.628,4675.734,985.444,16900.956,2622.356,350.667,6014.149,19.925,341.723,2622.356,44974.98
16226,United Kingdom,1998,448.692,7668.631,2349.671,4254.857,919.406,15713.65,14.216,242.96,276.35,4723.126,981.574,16776.171,2650.046,362.701,6198.957,24.025,410.605,2650.046,45292.182
16227,United Kingdom,1999,398.917,6794.016,2345.664,4353.657,978.878,16671.396,14.821,252.42,264.258,4500.62,967.869,16483.903,2636.633,368.151,6270.029,26.71,454.907,2636.633,44904.842
16228,United Kingdom,2000,427.148,7249.26,2395.339,4740.797,1013.418,17199.021,14.127,239.755,236.286,4010.075,954.773,16203.734,2659.165,374.375,6353.631,27.54,467.397,2659.165,45129.487
16229,United Kingdom,2001,452.546,7654.18,2413.574,4781.902,1008.533,17057.924,11.19,189.26,248.633,4205.274,952.495,16110.13,2688.555,382.368,6467.219,26.349,445.657,2688.555,45473.165
16230,United Kingdom,2002,415.309,7000.452,2356.74,4814.409,995.342,16777.506,13.127,221.269,240.875,4060.189,946.089,15947.283,2628.149,384.593,6482.707,30.535,514.694,2628.149,44300.123
16231,United Kingdom,2003,443.149,7440.25,2394.471,4972.397,998.093,16757.486,8.793,147.637,241.613,4056.571,953.23,16004.264,2665.405,395.466,6639.687,29.32,492.267,2665.405,44750.837
16232,United Kingdom,2004,425.892,7113.254,2424.556,4962.874,1019.88,17034.054,13.114,219.03,216.558,3616.96,978.784,16347.666,2679.594,391.279,6535.149,38.48,642.689,2679.594,44754.623
16233,United Kingdom,2005,435.303,7220.389,2442.832,4924.198,993.867,16485.312,13.242,219.646,219.543,3641.563,1013.663,16813.678,2708.794,395.425,6558.93,46.419,769.958,2708.794,44930.901
16234,United Kingdom,2006,476.043,7826.955,2423.487,4930.43,942.603,15497.988,12.278,201.871,201.676,3315.902,1004.84,16521.271,2675.684,393.431,6468.671,50.521,830.65,2675.684,43992.766
16235,United Kingdom,2007,446.448,7264.625,2372.573,5048.485,953.006,15507.378,13.487,219.455,167.419,2724.256,973.119,15834.666,2596.369,392.973,6394.488,56.377,917.374,2596.369,42248.3
16236,United Kingdom,2008,414.204,6665.122,2343.709,4996.351,978.326,15742.635,13.571,218.384,138.55,2229.457,951.179,15305.793,2549.389,384.831,6192.472,67.131,1080.232,2549.389,41023.238
16237,United Kingdom,2009,346.488,5514.78,2163.999,4436.28,912.238,14519.374,13.715,218.293,181.275,2885.212,905.273,14408.52,2423.059,373.07,5937.861,77.786,1238.053,2423.059,38565.938
16238,United Kingdom,2010,359.691,5667.99,2239.036,4579.232,984.929,15520.473,9.364,147.558,162.021,2553.116,894.416,14094.176,2482.843,378.919,5970.997,81.786,1288.784,2482.843,39124.539
16239,United Kingdom,2011,365.752,5712.91,2064.643,4074.93,819.186,12795.379,14.75,230.389,178.76,2792.172,879.705,13740.672,2347.197,365.078,5702.384,103.794,1621.223,2347.197,36662.356
16240,United Kingdom,2012,453.082,7021.812,2077.791,3862.966,768.988,11917.675,13.675,211.932,181.347,2810.485,855.721,13261.853,2376.004,360.912,5593.373,116.866,1811.174,2376.004,36823.0
16241,United Kingdom,2013,429.998,6616.977,2035.313,3563.402,763.258,11745.324,12.037,185.23,180.771,2781.773,842.057,12957.912,2364.442,355.385,5468.812,148.359,2283.008,2364.442,36384.994
16242,United Kingdom,2014,346.043,5289.31,1887.676,3163.196,700.556,10708.094,14.984,229.033,162.233,2479.754,841.078,12855.998,2227.917,335.217,5123.843,178.008,2720.874,2227.917,34054.03
16243,United Kingdom,2015,268.353,4074.597,1853.012,2769.903,720.455,10939.191,15.931,241.886,177.956,2702.035,864.204,13121.84,2252.941,335.347,5091.816,221.972,3370.369,2252.941,34208.031
16244,United Kingdom,2016,128.894,1944.154,1825.189,2737.43,806.737,12168.347,14.125,213.05,180.376,2720.691,889.558,13417.575,2226.11,334.82,5050.235,220.545,3326.571,2226.11,33577.337
16245,United Kingdom,2017,105.345,1578.748,1785.851,2485.602,785.875,11777.474,14.82,222.104,175.841,2635.233,894.631,13407.328,2219.816,333.231,4993.953,258.123,3868.351,2219.816,33267.134
16246,United Kingdom,2018,88.175,1313.267,1762.097,2309.282,792.571,11804.399,13.582,202.284,161.709,2408.456,881.351,13126.671,2212.342,328.244,4888.805,288.536,4297.396,2212.342,32950.188
16247,United Kingdom,2019,72.846,1078.722,1723.913,2147.28,788.418,11675.072,14.755,218.488,139.124,2060.176,862.649,12774.314,2177.825,319.515,4731.456,314.788,4661.45,2177.825,32249.735
16329,United States,1980,4293.984,18712.125,19125.852,0.0,5337.389,23259.03,783.34,3413.602,734.257,3199.71,9494.48,41374.609,20717.494,0.0,0.0,857.385,3736.272,20717.494,90281.745
16330,United States,1981,4428.937,19120.247,18496.184,0.0,5208.633,22486.284,740.305,3195.986,797.292,3442.002,8858.613,38243.682,20109.83,0.0,0.0,816.354,3524.299,20109.83,86816.513
16331,United States,1982,4265.8,18243.792,17494.937,0.0,4841.714,20706.836,876.471,3748.454,826.823,3536.122,8387.423,35870.975,19271.578,0.0,0.0,949.818,4062.143,19271.578,82419.867
16332,United States,1983,4425.295,18748.865,17304.004,0.0,4542.24,19244.332,940.772,3985.815,858.706,3638.121,8336.469,35319.533,19186.288,0.0,0.0,1023.578,4336.645,19186.288,81287.496
16333,United States,1984,4752.764,19948.057,18239.986,0.0,4851.576,20362.786,909.965,3819.259,957.994,4020.841,8635.646,36245.09,20206.854,0.0,0.0,1008.874,4234.395,20206.854,84811.169
16334,United States,1985,4866.304,20234.114,18135.944,8022.16,4669.544,19415.985,797.729,3316.962,1121.904,4664.88,8600.095,35759.231,20156.714,2657.15,11048.441,898.867,3737.492,20156.714,83811.702
16335,United States,1986,4805.603,19795.45,18135.955,7843.947,4376.207,18026.665,824.931,3398.092,1210.639,4986.915,8954.145,36884.306,20279.081,2676.113,11023.562,932.487,3841.141,20279.081,83534.477
16336,United States,1987,5013.872,20460.359,18806.082,8139.098,4652.748,18986.7,709.473,2895.183,1331.201,5432.299,9139.462,37295.862,20965.311,2772.205,11312.677,828.028,3378.975,20965.311,85554.194
16337,United States,1988,5247.148,21211.566,19631.993,8442.959,4866.025,19670.881,634.402,2564.568,1540.858,6228.911,9518.82,38479.78,21925.043,2914.446,11781.632,752.192,3040.731,21925.043,88631.869
16338,United States,1989,5309.36,21260.742,19994.009,9079.323,5170.224,20703.589,763.123,3055.843,1547.822,6198.081,9514.424,38099.454,22447.29,3155.45,12635.647,905.459,3625.81,22447.29,89887.675
16339,United States,1990,5338.002,21172.464,19813.402,8971.746,5170.613,20508.54,811.892,3220.261,1686.731,6690.193,9304.787,36906.183,22498.158,3232.78,12822.385,998.025,3958.532,22498.158,89235.912
16340,United States,1991,5287.618,20773.31,19679.139,8884.976,5283.977,20759.005,798.128,3135.584,1791.127,7036.75,9107.545,35780.547,22466.677,3270.724,12849.6,996.41,3914.568,22466.677,88264.181
16341,United States,1992,5324.035,20716.815,20083.125,8948.494,5463.514,21259.553,698.405,2717.625,1809.289,7040.28,9295.576,36170.82,22803.378,3284.39,12780.175,910.964,3544.732,22803.378,88732.202
16342,United States,1993,5522.457,21278.521,20496.363,9242.198,5599.424,21575.081,775.698,2988.833,1784.479,6875.756,9374.482,36120.716,23279.396,3404.678,13118.528,998.555,3847.521,23279.396,89697.594
16343,United States,1994,5543.148,21137.609,20893.884,9308.243,5731.086,21854.271,720.393,2747.065,1872.633,7140.884,9619.65,36682.481,23712.755,3458.526,13188.35,946.239,3608.281,23712.755,90423.527
16344,United States,1995,5593.058,21092.825,21170.063,9302.048,5979.834,22551.456,864.5,3260.247,1969.014,7425.645,9597.171,36193.342,24222.295,3567.331,13453.301,1083.218,4085.088,24222.295,91348.356
16345,United States,1996,5847.305,21791.064,21883.039,9400.936,6088.903,22691.422,965.416,3597.801,1972.892,7352.347,9946.831,37068.703,25035.434,3663.386,13652.286,1179.503,4395.635,25035.434,93299.171
16346,United States,1997,5970.783,21974.514,22175.467,9617.64,6125.321,22543.266,988.815,3639.176,1838.142,6764.99,10079.363,37095.49,25225.64,3716.377,13677.534,1212.031,4460.686,25225.64,92838.946
16347,United States,1998,6029.343,21910.941,22301.748,9952.865,6021.796,21883.512,894.693,3251.36,1969.891,7158.683,10250.609,37251.237,25391.342,3855.808,14012.204,1119.702,4069.056,25391.342,92273.429
16348,United States,1999,6020.1,21612.432,22599.158,9919.604,6042.633,21693.329,879.46,3157.3,2129.4,7644.642,10536.425,37826.246,25840.805,3936.098,14130.77,1112.247,3993.018,25840.805,92769.666
16349,United States,2000,6286.541,22315.568,23224.264,9574.61,6283.912,22306.234,757.671,2689.533,2204.367,7824.923,10653.812,37818.23,26427.463,3802.105,13496.473,998.832,3545.591,26427.463,93810.546
16350,United States,2001,6101.321,21437.63,22744.12,9447.771,6006.585,21104.765,580.208,2038.622,2233.434,7847.405,10636.214,37371.45,25804.055,3736.644,13129.089,826.501,2904.0,25804.055,90665.25
16351,United States,2002,6098.459,21228.349,22941.458,9550.622,6201.117,21585.695,707.879,2464.083,2251.46,7837.19,10641.882,37043.716,26177.526,3858.452,13431.027,984.608,3427.357,26177.526,91122.307
16352,United States,2003,6214.542,21443.062,23040.023,9567.086,6021.905,20778.375,735.498,2537.812,2190.193,7557.186,10803.575,37277.358,26259.752,3883.185,13398.795,1029.536,3552.38,26259.752,90608.36
16353,United States,2004,6254.987,21395.177,23499.054,9710.901,6046.282,20681.302,710.738,2431.077,2246.898,7685.512,11197.785,38302.01,26776.886,3970.555,13581.28,1030.934,3526.31,26776.886,91590.312
16354,United States,2005,6346.962,21515.564,23512.607,9906.451,5951.935,20176.461,716.657,2429.397,2214.154,7505.759,11213.711,38013.354,26788.164,4055.423,13747.476,1061.403,3598.05,26788.164,90809.188
16355,United States,2006,6249.688,20989.08,23185.686,9733.608,5865.782,19699.765,763.247,2563.305,2214.95,7438.734,11070.216,37178.443,26571.789,4064.702,13650.98,1171.152,3933.222,26571.789,89239.243
16356,United States,2007,6333.855,21070.147,23576.561,9994.64,6241.388,20762.548,645.586,2147.602,2254.808,7500.825,11001.318,36596.891,26943.482,4156.745,13827.791,1112.113,3699.545,26943.482,89629.957
16357,United States,2008,6233.06,20538.21,22789.636,9682.604,6288.917,20722.262,662.72,2183.693,2240.202,7381.565,10267.66,33832.397,26277.996,4119.388,13573.567,1248.159,4112.739,26277.996,86587.174
16358,United States,2009,5482.381,17898.262,21395.358,8939.955,6176.286,20163.646,712.356,2325.62,2206.065,7202.115,9736.691,31787.256,24978.914,3950.331,12896.597,1377.491,4497.078,24978.914,81548.356
16359,United States,2010,5800.546,18771.326,22174.395,9372.536,6481.94,20976.404,670.809,2170.825,2214.8,7167.383,9891.909,32011.511,25825.74,4125.06,13349.233,1436.544,4648.846,25825.74,83575.469
16360,United States,2011,5473.076,17565.33,21746.803,8996.036,6582.113,21124.683,819.15,2628.987,2155.566,6918.088,9691.614,31104.336,25580.121,4100.141,13159.023,1677.753,5384.592,25580.121,82097.03
16361,United States,2012,4838.409,15406.786,21197.905,8880.32,6881.233,21911.685,705.835,2247.569,2085.908,6642.088,9478.263,30181.323,24913.288,4047.765,12889.166,1629.475,5188.684,24913.288,79330.565
16362,United States,2013,5022.275,15873.134,21729.859,8721.702,7070.234,22345.802,682.432,2156.859,2126.394,6720.565,9637.349,30459.289,25582.098,4065.964,12850.668,1725.846,5454.616,25582.098,80853.407
16363,United States,2014,5010.86,15724.144,21940.02,8673.575,7222.61,22664.645,650.863,2042.416,2135.492,6701.202,9706.55,30459.279,25848.401,4104.839,12881.037,1772.889,5563.348,25848.401,81112.618
16364,United States,2015,4329.081,13491.361,21670.455,8543.039,7435.801,23173.295,623.468,1943.007,2122.812,6615.637,9905.573,30870.215,25596.966,4091.74,12751.7,1803.698,5621.134,25596.966,79771.642
16365,United States,2016,3960.744,12261.759,21428.95,8260.34,7490.995,23190.787,663.312,2053.494,2132.795,6602.753,9977.21,30887.665,25560.52,4095.487,12678.899,1998.776,6187.854,25560.52,79130.818
16366,United States,2017,3852.596,11851.041,21331.723,7841.657,7399.926,22763.049,742.017,2282.533,2118.29,6516.112,10079.202,31004.821,25647.389,4058.261,12483.692,2197.375,6759.386,25647.389,78894.41
16367,United States,2018,3689.462,11279.446,22196.473,8151.584,8199.426,25067.338,719.554,2199.826,2111.488,6455.254,10307.586,31512.417,26556.388,4203.937,12852.303,2248.427,6873.904,26556.388,81188.359
16368,United States,2019,3150.181,9573.128,21891.102,7886.077,8466.457,25728.83,671.447,2040.469,2109.762,6411.385,10274.464,31223.204,26291.355,4161.834,12647.454,2290.491,6960.604,26291.355,79897.151
